Date,Type,Count,Note
2025-08-25,22 oz,5,open shift
2025-08-25,16 oz,5,open shift
2025-08-25,12 oz,5,open shift
2025-08-25,8 oz,5,open shift
2025-08-25,TOTAL,20,open shift
2025-08-25,Close,22 oz,50,reach
2025-08-25,Close,16 oz,50,reach
2025-08-25,Close,12 oz,50,reach
2025-08-25,Close,8 oz,50,reach
2025-08-25,Close,TOTAL,200,reach
2025-08-25,Close,22 oz,50,reach
2025-08-25,Close,16 oz,50,reach
2025-08-25,Close,12 oz,50,reach
2025-08-25,Close,8 oz,50,reach
2025-08-25,Close,TOTAL,200,reach
2025-08-25,Open,22 oz,0,
2025-08-25,Open,16 oz,0,
2025-08-25,Open,12 oz,0,
2025-08-25,Open,8 oz,0,
2025-08-25,Open,TOTAL,0,
2025-08-25,Open,22 oz,0,
2025-08-25,Open,16 oz,0,
2025-08-25,Open,12 oz,0,
2025-08-25,Open,8 oz,0,
2025-08-25,Open,TOTAL,0,
2025-08-25,Open,,50,30,20,50,30,20,50,40,10,50,30,20,70
2025-08-27,1,,75,19,56,34,27,7,18,12,6,14,12,2,1700,500,1200,0,0,0,71
2025-08-27,1,,75,19,56,34,27,7,18,12,6,14,12,2,1700,500,1200,0,0,0,71
2025-08-27,2,,19,6,13,27,26,1,12,12,0,12,10,2,500,310,190,0,0,0,16
2025-08-27,1,,50,10,40,50,10,40,50,10,40,50,10,40,500,300,200,0,0,0,160
2025-08-27,1,,50,10,40,50,10,40,50,10,40,50,10,40,500,300,200,0,0,0,160
2025-08-27,1,,3,3,0,3,3,0,3,3,0,3,3,0,3,3,0,0,0,0,0
2025-08-27,1,,3,3,0,3,3,0,3,3,0,3,3,0,3,3,0,0,0,0,0
2025-08-28,1,,56,2,54,26,22,4,62,56,6,60,57,3,810,250,560,0,0,0,67
2025-08-28,1,,52,35,17,22,18,4,56,54,2,57,56,1,750,450,300,0,0,0,24
2025-08-28,1,,52,34,18,22,18,4,56,54,2,57,56,1,750,450,300,0,0,0,25
2025-08-29,1,,84,19,65,18,12,6,54,42,12,56,56,0,1450,150,1300,0,0,0,83
2025-08-29,2,,69,52,17,62,56,6,41,39,2,56,55,1,150,150,0,0,0,0,26
2025-08-29,2,,69,52,17,62,56,6,41,39,2,56,55,1,650,150,500,0,0,0,26
2025-08-30,1,កែវ Reach1,302,44,258,56,34,22,35,18,17,55,50,5,3150,350,2800,0,0,0,302
2025-08-30,2,,45,6,39,34,30,4,18,17,1,50,49,1,950,400,550,0,0,0,45
2025-08-31,1,,157,6,151,30,16,14,67,47,20,49,45,4,2900,150,2750,0,0,0,189
2025-08-31,2,ភ្ញៀវដាក់កែវ១,56,11,45,16,7,9,47,39,8,45,45,0,650,480,170,0,0,0,62
2025-09-01,1,"សរុបទិន្នន័យពី
ថ្ងៃទី​ 28 ដល់ 31",647,0,647,69,0,69,68,0,68,15,0,15,8930,0,8930,0,0,0,799
2025-09-01,1,,111,48,63,57,54,3,39,33,6,45,44,1,1170,250,920,0,0,0,73
2025-09-01,2,,48,18,30,54,44,10,33,29,4,44,42,2,750,300,450,0,0,0,46
2025-09-02,1,កែវ Boss 1,68,7,61,44,35,9,29,19,10,42,34,8,1300,100,1200,0,0,0,88
2025-09-02,2,,57,41,16,35,30,5,19,13,6,34,33,1,600,200,400,0,0,0,28
2025-09-03,1,,90,23,67,30,24,6,13,2,11,33,28,5,1700,350,1350,0,0,0,89
2025-09-03,2,,23,11,12,24,17,7,2,1,1,28,28,0,350,200,150,0,0,0,20
2025-09-04,1,,61,15,46,17,13,4,51,46,5,28,25,3,1200,300,900,0,0,0,58
2025-09-04,1,,61,15,46,17,13,4,51,46,5,28,25,3,1200,300,900,0,0,0,58
2025-09-04,2,,15,1,14,13,9,4,46,45,1,25,23,2,300,0,300,0,0,0,21
2025-09-05,1,បាត់1កែវ,101,27,74,59,51,8,45,33,12,23,22,1,1500,100,1400,0,0,0,95
2025-09-05,2,"ភ្ញៀវដាក់កែវដែកមួយ 
បាត់មួយកែវ",28,7,21,51,48,3,33,31,2,22,22,0,600,300,300,0,0,0,26
2025-09-06,1,ភ្ញៀវដាក់កែវ 8,205,24,181,48,41,7,31,17,14,22,18,4,3300,100,3200,0,0,0,206
2025-09-06,2,,74,50,24,41,39,2,17,15,2,18,18,0,500,150,350,0,0,0,28
2025-09-07,1,,-2,0,-2,0,0,0,0,0,0,0,0,0,0,0,0,0,0,0,-2
2025-09-07,1,ភ្ញៀវដាក់កែវ 4,200,28,172,39,30,9,65,45,20,18,10,8,3100,100,3000,0,0,0,209
2025-09-07,2,,28,1,27,30,27,3,45,39,6,10,10,0,600,200,400,0,0,0,36
2025-09-08,1,"សរុបទិន្នន័យពី
ថ្ងៃទី​ 01 ដល់ 7
កាហ្វេ = (24.159 Kg)",1501,0,1501,153,0,153,173,0,173,53,0,53,24150,0,24150,0,0,0,1880
2025-09-08,1,"សរុបទិន្នន័យពី
ថ្ងៃទី​ 01 ដល់ 7
កាហ្វេ = (15.22 Kg)",854,0,854,84,0,84,105,0,105,38,0,38,15220,0,15220,0,0,0,1081
2025-09-08,1,ភ្ញៀវដាក់កែវ 3,101,6,95,27,27,0,39,26,13,10,6,4,2200,330,1870,0,0,0,112
2025-09-08,2,,56,49,7,27,25,2,26,26,0,6,5,1,330,190,140,0,0,0,10
2025-09-09,1,,99,28,71,25,18,7,26,11,15,5,4,1,1690,200,1490,0,0,0,94
2025-09-09,2,ភ្ញៀវដាក់កែវ2,28,24,4,18,16,2,11,9,2,4,4,0,200,70,130,0,0,0,8
2025-09-10,1,,72,18,54,16,10,6,59,52,7,54,54,0,1070,50,1020,0,0,0,67
2025-09-10,2,,68,45,23,10,7,3,52,48,4,54,52,2,550,250,300,0,0,0,32
2025-09-10,2,,68,45,23,10,7,3,52,48,4,54,52,2,550,250,300,0,0,0,32
2025-09-11,1,,95,42,53,57,49,8,48,45,3,52,31,21,1250,252,998,0,0,0,85
2025-09-11,2,,42,22,20,49,49,0,45,45,0,31,28,3,752,400,352,0,0,0,23
2025-09-12,1,កែវreach1,122,50,72,49,43,6,45,28,17,28,24,4,0,0,0,0,0,0,99
2025-09-12,1,កែវreach1,122,50,72,49,43,6,45,28,17,28,24,4,1900,450,1450,0,0,0,99
2025-09-12,1,កែវreach1,122,50,72,49,43,6,45,28,17,28,24,4,1900,450,1450,0,0,0,99
2025-09-13,1,ភ្ញៀវដាក់កែវ 6,324,41,283,43,13,30,73,50,23,23,15,8,4500,200,4300,0,0,0,344
2025-09-13,2,,41,10,31,13,11,2,50,46,4,15,15,0,0,0,0,0,0,0,37
2025-09-14,1,ភ្ញៀវដាក់កែវ3,210,10,200,61,40,21,46,11,35,15,9,6,4200,300,3900,0,0,0,262
2025-09-14,2,,110,45,65,40,31,9,11,9,2,9,8,1,800,410,390,0,0,0,77
2025-09-15,2,ភ្ញៀវដាក់កែវ1,93,19,74,31,22,9,59,46,13,8,7,1,1410,450,960,0,0,0,97
2025-09-15,2,ភ្ញៀវដាក់កែវ1,19,4,15,22,20,2,46,45,1,7,7,0,450,300,150,0,0,0,18
2025-09-16,1,ភ្ញៀវដាក់កែវ1,104,50,54,20,18,2,45,36,9,7,2,5,300,150,150,0,0,0,70
2025-09-16,1,ភ្ញៀវដាក់កែវ1,104,50,54,20,18,2,45,36,9,7,2,5,1300,150,1150,0,0,0,70
2025-09-16,1,,104,50,54,20,18,2,45,36,9,7,2,5,1300,150,1150,0,0,0,70
2025-09-16,2,,50,41,9,18,17,1,36,33,3,2,1,1,150,0,150,0,0,0,14
2025-09-17,1,ភ្ញៀវដាក់កែវ1,91,29,62,17,10,7,33,24,9,51,50,1,0,200,-200,0,0,0,79
2025-09-17,1,ភ្ញៀវដាក់កែវ1,91,29,62,17,10,7,33,24,9,51,50,1,1000,200,800,0,0,0,79
2025-09-17,2,,29,13,16,10,6,4,24,21,3,50,49,1,580,400,180,0,0,0,24
2025-09-18,1,,114,25,89,56,49,7,21,11,10,49,46,3,0,0,0,1900,300,1600,109
2025-09-18,2,,25,14,11,49,46,3,11,8,3,49,44,5,300,0,300,0,0,0,22
2025-09-19,1,,113,38,75,45,39,6,59,45,14,44,44,0,1500,50,1450,0,0,0,95
2025-09-19,1,,114,37,77,46,38,8,59,45,14,44,44,0,1500,50,1450,0,0,0,99
2025-09-19,2,សល់កែវ2,37,6,31,38,36,2,45,41,4,44,42,2,550,100,450,0,0,0,39
2025-09-19,2,សល់កែវ2,37,6,31,38,36,2,45,41,4,44,43,1,550,100,450,0,0,0,38
2025-09-20,1,"ភ្ញៀវដាក់កែវ 6
កែវចែ 3",308,7,301,36,8,28,41,15,26,43,34,9,4600,0,4600,0,0,0,364
2025-09-20,2,,107,28,79,8,2,6,15,9,6,34,30,4,1000,500,500,0,0,0,95
2025-09-21,1,,428,12,416,49,12,37,59,32,27,30,12,18,7000,700,6300,0,0,0,498
2025-09-21,2,"ភ្ញៀវដាក់កែវ 3
បងណាវី 1",165,22,143,62,44,18,32,30,2,12,0,12,1200,350,850,0,0,0,175
2025-09-22,1,ភ្ញៀវដាក់កែវ 17,418,10,408,44,15,29,30,28,2,100,34,66,6350,100,6250,0,0,0,505
2025-09-23,1,ភ្ញៀវដាក់កែវ 17,448,11,437,58,14,44,25,24,1,80,43,37,6300,100,6200,0,0,0,519
2025-09-23,1,,448,11,437,58,14,44,25,24,1,80,43,37,6300,100,6200,0,0,0,519
2025-09-23,2,,113,31,82,14,3,11,24,24,0,43,37,6,600,250,350,0,0,0,99
2025-09-24,1,,331,42,289,53,36,17,24,22,2,87,48,39,5750,1000,4750,0,0,0,347
2025-09-24,2,សល់កែវ5,92,21,71,36,27,9,22,22,0,48,39,9,1500,250,1250,0,0,0,89
2025-09-25,1,"ចែ 1 
រាជ 1
ភ្ញៀវដាក់កែវ 1",126,6,120,27,19,8,22,18,4,39,25,14,1750,200,1550,0,0,0,146
2025-09-26,1,សល់3,78,5,73,17,14,3,18,18,0,23,9,14,1200,100,1100,0,0,0,90
2025-09-27,1,សល់3,169,9,160,61,45,16,18,18,0,51,32,19,3000,700,2300,0,0,0,195
2025-09-27,1,សល់កែវ15,169,9,160,61,45,16,18,18,0,51,32,19,3000,700,2300,0,0,0,195
2025-09-27,2,,24,4,20,45,42,3,18,18,0,32,27,5,700,300,400,0,0,0,28
2025-09-28,1,,154,5,149,42,19,23,18,18,0,27,16,11,1900,300,1600,0,0,0,183
2025-09-28,1,,55,15,40,26,15,11,18,17,1,16,12,4,800,230,570,0,0,0,56
2025-09-29,1,សល់កែវ2,110,47,63,16,13,3,17,16,1,12,1,11,1230,130,1100,0,0,0,78
2025-09-30,1,,76,27,49,10,3,7,16,15,1,49,43,6,1130,350,780,0,0,0,63
2025-09-30,2,,27,17,10,3,3,0,15,15,0,43,39,4,350,250,100,0,0,0,14
2025-10-01,1,,67,26,41,53,46,7,15,12,3,39,32,7,1250,300,950,0,0,0,58
2025-10-01,2,,26,14,12,46,38,8,12,12,0,32,27,5,300,100,200,0,0,0,25
2025-10-02,1,ចែ 1,64,16,48,38,36,2,12,10,2,27,15,12,1100,200,900,0,0,0,64
2025-10-02,2,"Extrashot 1
ភ្ញៀវដាក់កែវ1",66,43,23,36,35,1,10,10,0,15,14,1,700,400,300,0,0,0,25
2025-10-03,1,កែវចែ 2,41,10,31,35,32,3,10,10,0,14,4,10,900,50,850,0,0,0,44
2025-10-03,2,,60,31,29,32,38,-6,10,10,0,4,1,3,900,50,850,550,440,110,26
2025-10-04,1,,188,44,144,31,18,13,10,9,1,51,31,20,0,0,0,0,0,0,178
2025-10-04,1,ភ្ញៀវដាក់កែវ4,238,42,196,31,18,13,10,9,1,51,31,20,4440,200,4240,0,0,0,230
2025-10-04,2,,38,11,27,18,11,7,9,9,0,31,28,3,700,300,400,0,0,0,37
2025-10-05,1,,160,14,146,11,5,6,59,46,13,28,25,3,2800,0,2800,0,0,0,168
2025-10-05,2,,64,49,15,55,49,6,41,42,-1,25,17,8,500,150,350,0,0,0,28
2025-10-05,2,"ភ្ញៀវដាក់កែវ២
",64,49,15,55,49,6,41,42,-1,25,17,8,500,150,350,0,0,0,28
2025-10-06,1,"ដកកែវ
Boss 1
Je 1
Reach01",97,38,59,49,42,7,42,36,6,17,13,4,1000,550,450,0,0,0,76
2025-10-06,2,"ដកកែវ
Boss 1
Je 1
Reach01",37,18,19,42,37,5,36,34,2,13,11,2,550,250,300,0,0,0,28
2025-10-07,1,កែវ Boss 1,68,18,50,37,31,6,34,27,7,11,6,5,1150,200,950,0,0,0,68
2025-10-07,2,,18,3,15,31,18,13,27,25,2,6,4,2,700,350,350,0,0,0,32
2025-10-08,1,កែវreach1,103,40,63,18,17,1,25,16,9,4,3,1,1350,150,1200,0,0,0,74
2025-10-08,1,"កែវreach1
ភ្ញៀវដាក់កែវ 3",103,40,63,18,17,1,25,16,9,4,3,1,1350,150,1200,0,0,0,74
2025-10-08,2,បាត់ពីរកែវ,40,23,17,17,14,3,16,15,1,3,3,0,850,500,350,0,0,0,21
2025-10-09,1,បាត់ពីរកែវ,73,16,57,14,6,8,15,5,10,53,48,5,1500,450,1050,0,0,0,80
2025-10-09,1,,73,16,57,14,6,8,15,5,10,53,48,5,1500,450,1050,0,0,0,80
2025-10-09,2,កែវBoss ១,66,49,17,6,3,3,5,4,1,48,47,1,450,150,300,0,0,0,22
2025-10-11,2,កែវBoss ១,92,44,48,32,32,0,29,26,3,39,39,0,850,380,470,0,0,0,51
2025-10-12,1,,194,11,183,32,29,3,26,13,13,39,33,6,2880,300,2580,16500,0,16500,205
2025-10-13,2,កែវខែ ១,61,27,34,29,29,0,13,11,2,33,31,2,300,270,30,0,0,0,38
2025-10-13,1,"Boss 1
B Ravy 1",77,5,72,29,29,0,61,51,10,31,31,0,1270,0,1270,0,0,0,82
2025-10-13,2,,55,46,9,29,26,3,51,48,3,31,31,0,500,300,200,0,0,0,15
2025-10-14,1,,96,37,59,26,24,2,48,41,7,31,28,3,1300,150,1150,0,0,0,71
2025-10-14,1,,37,31,6,24,24,0,31,30,1,28,27,1,150,20,130,0,0,0,8
2025-10-15,1,"Reach 1
Nut 1
Je 1
ភ្ញៀវ 2",131,3,128,24,17,7,30,9,21,27,21,6,2520,300,2220,0,0,0,162
2025-10-15,2,,54,34,20,17,17,0,9,6,3,21,20,1,300,0,300,0,0,0,24
2025-10-16,1,,84,30,54,17,16,1,56,47,9,20,17,3,1500,450,1050,0,0,0,67
2025-10-16,2,,30,13,17,16,16,0,47,42,5,17,16,1,450,100,350,0,0,0,23
2025-10-17,1,ភ្ញៀវដាក់កែវ3,113,36,77,16,16,0,42,26,16,16,13,3,1600,100,1500,0,0,0,96
2025-10-17,2,ភ្ញៀវដាក់កែវ3,36,23,13,16,16,0,26,25,1,13,12,1,600,350,250,0,0,0,15
2025-10-18,2,,223,35,188,16,13,3,25,7,18,12,11,1,3350,350,3000,0,0,0,210
2025-10-18,2,,85,37,48,13,11,2,57,52,5,11,9,2,350,150,200,0,0,0,57
2025-10-19,2,,69,39,30,58,58,0,36,34,2,7,7,0,600,100,500,0,0,0,32
2025-10-20,1,ភ្ញៀវដាក់កែវ 2,89,39,50,57,57,0,34,26,8,57,50,7,0,0,0,0,0,0,65
2025-10-20,2,ភ្ញៀវដាក់កែវ 2,39,27,12,57,57,0,26,24,2,50,49,1,0,0,0,0,0,0,15
2025-10-21,1,កែវរាជមួយ,77,34,43,57,57,0,24,15,9,49,46,3,850,100,750,0,0,0,55
2025-10-21,2,កែវរាជមួយ,34,16,18,57,55,2,15,10,5,46,46,0,0,0,0,0,0,0,25
2025-10-22,1,កែវចែ1បងនុត1,116,38,78,55,53,2,10,2,8,46,45,1,1740,0,1740,0,0,0,89
2025-10-22,1,,38,22,16,53,50,3,52,50,2,45,45,0,500,250,250,0,0,0,21
2025-10-23,1,"កែវបងឃុន១
ចែ១
បងនុត១",122,51,71,50,50,0,50,38,12,45,41,4,175,430,-255,0,0,0,87
2025-10-23,1,"កែវបងឃុន១
ចែ១
បងនុត១",122,51,71,50,50,0,50,38,12,45,41,4,1750,430,1320,0,0,0,87
2025-10-23,1,,51,35,16,50,50,0,38,36,2,41,40,1,430,160,270,0,0,0,19
2025-10-23,1,,51,35,16,50,50,0,38,36,2,41,40,1,430,160,270,0,0,0,19
2025-10-24,1,កែវចែ2និងបងនុត1,82,31,51,50,46,4,36,25,11,40,35,5,1160,0,1160,0,0,0,71
2025-10-24,2,កែវចែ2និងបងនុត1,31,10,21,46,44,2,25,25,0,35,34,1,500,250,250,0,0,0,24
2025-10-25,2,,60,48,12,44,24,20,45,42,3,34,29,5,500,100,400,0,0,0,40
2025-10-27,1,កែវបងរាជមួយ,96,41,55,11,6,5,50,34,16,25,20,5,1400,400,1000,0,0,0,81
2025-10-27,2,កែវបងនុតមួយ,41,29,12,56,55,1,34,33,1,20,20,0,400,110,290,0,0,0,14
2025-10-28,2,កែវបងនុតមួយ,41,29,12,56,55,1,34,33,1,20,20,0,400,110,290,0,0,0,14
2025-10-28,2,កែវបងនុតមួយ,57,40,17,45,43,2,16,14,2,18,16,2,1610,350,1260,0,0,0,23
2025-10-29,1,កែវចែ១បងនុត១,138,16,122,43,21,22,64,48,16,16,5,11,2350,100,2250,0,0,0,171
2025-10-29,2,,66,39,27,21,16,5,48,47,1,5,5,0,600,180,420,0,0,0,33
2025-10-30,1,កែវចែ1បងនុត1,87,18,69,16,10,6,47,34,13,55,40,15,1680,250,1430,0,0,0,103
2025-10-30,2,,16,6,10,10,8,2,34,34,0,40,40,0,250,60,190,0,0,0,12
2025-10-31,1,កែវចែ3បងនុត1,102,45,57,58,52,6,34,16,18,40,37,3,1560,350,1210,0,0,0,84
2025-10-31,1,កែវចែ3បងនុត1,102,45,57,58,52,6,34,16,18,40,37,3,1560,350,1210,0,0,0,84
2025-10-31,2,កែវបងនុត១,44,24,20,52,50,2,16,14,2,37,36,1,350,0,350,0,0,0,25
2025-11-01,1,"កែវបងនុត១
 បងរាជ្យ1
 បងឌី2
ភ្ញៀវដាក់កែវ4",174,47,127,50,38,12,64,42,22,36,24,12,0,0,0,0,0,0,173
2025-11-02,2,"កែវបងនុត១
បងរាជ្យ1
ចែ1
ភ្ញៀវដាក់កែវ2",268,27,241,36,17,19,39,10,29,23,13,10,4150,0,4150,0,0,0,299
2025-11-03,2,,49,28,21,5,4,1,47,43,4,7,7,0,500,140,360,0,0,0,26
2025-11-04,1,"កែវបងរាជ2ចែ1
ភ្ញៀវដាក់កែវ11",425,9,416,54,17,37,93,47,46,7,1,6,7140,300,6840,0,0,0,505
2025-11-04,2,,59,6,53,17,8,9,47,41,6,51,46,5,1300,370,930,0,0,0,73
2025-11-05,1,"កែវបងនុត1បងរាជ1បងវី1
ភ្ញៀវដាក់កែវ5",403,14,389,58,23,35,91,46,45,46,40,6,6370,250,6120,0,0,0,475
2025-11-05,2,,114,44,70,23,12,11,46,42,4,40,37,3,1250,200,1050,0,0,0,88
2025-11-06,1,"កែវបងនុត1បងរាជ1បងវី1
ភ្ញៀវដាក់កែវ7",341,17,324,62,34,28,42,7,35,37,26,11,5200,250,4950,0,0,0,398
2025-11-06,2,,67,8,59,34,25,9,7,7,0,26,23,3,1250,500,750,0,0,0,71
2025-11-07,1,,108,4,104,25,16,9,57,45,12,23,18,5,0,0,0,0,0,0,130
2025-11-07,2,,54,42,12,16,16,0,45,40,5,18,18,0,0,0,0,0,0,0,17
2025-11-08,1,,192,14,178,16,3,13,40,23,17,18,13,5,0,0,0,0,0,0,213
2025-11-08,2,,64,19,45,53,43,10,23,20,3,13,11,2,0,0,0,0,0,0,60
2025-11-09,1,,169,49,120,43,28,15,20,10,10,11,8,3,0,0,0,0,0,0,148
2025-11-09,2,,49,30,19,28,25,3,30,10,20,8,8,0,0,0,0,0,0,0,42
2025-11-11,2,កែវបងនុត១ចែ១,50,17,33,14,6,8,55,43,12,52,36,16,1300,100,1200,0,0,0,69
2025-11-11,2,កែវបងនុត១,67,50,17,6,1,5,43,32,11,36,30,6,500,150,350,0,0,0,39
2025-11-12,1,កែវបងនុត១,99,41,58,51,44,7,32,18,14,30,30,0,1150,0,1150,0,0,0,79
2025-11-12,2,,41,31,10,44,40,4,18,18,0,30,29,1,500,260,240,0,0,0,15
2025-11-13,2,កែវបងរាជ១,81,25,56,40,34,6,17,6,11,29,22,7,760,50,710,0,0,0,80
2025-11-13,2,,24,10,14,34,28,6,6,5,1,22,21,1,550,300,250,0,0,0,22
2025-11-14,1,កែវបងឃុន១,59,7,52,28,25,3,55,37,18,21,14,7,1300,150,1150,0,0,0,80
2025-11-14,2,,57,45,12,25,25,0,37,32,5,64,55,9,650,300,350,0,0,0,26
2025-11-15,1,"Boss 1 
ភ្ញៀវដាក់កែវ 6",195,31,164,25,12,13,32,7,25,55,43,12,3300,400,2900,0,0,0,214
2025-11-15,2,,81,40,41,12,10,2,7,6,1,43,38,5,900,300,600,0,0,0,49
2025-11-17,2,,50,31,19,51,47,4,33,30,3,27,22,5,500,350,150,0,0,0,31
2025-11-17,1,កែវបងនុត១,80,31,49,47,41,6,30,10,20,22,10,12,1350,100,1250,0,0,0,87
2025-11-17,2,,31,17,14,41,39,2,10,8,2,10,10,0,600,310,290,0,0,0,18
2025-11-18,1,បងនុត១,66,6,60,39,37,2,58,46,12,60,51,9,0,0,0,0,0,0,83
2025-11-18,1,កែវបងនុត១,66,6,60,39,37,2,58,46,12,60,51,9,1310,100,1210,0,0,0,83
2025-11-18,2,,56,31,25,37,34,3,46,43,3,51,47,4,600,200,400,0,0,0,35
2025-11-19,1,កែវបងឃុន១បងនុត១,79,39,40,34,30,4,43,23,20,47,42,5,1200,200,1000,0,0,0,69
2025-11-19,2,,39,25,14,30,28,2,23,19,4,42,38,4,700,270,430,0,0,0,24
2025-11-20,2,កែវបងនុត1,25,14,11,27,27,0,11,2,9,30,24,6,770,300,470,0,0,0,26
2025-11-20,1,,75,25,50,28,27,1,19,11,8,36,30,6,1270,150,1120,0,0,0,65
2025-11-21,2,,45,31,14,22,21,1,41,39,2,15,12,3,500,210,290,0,0,0,20
2025-11-22,1,កែវចែ1,181,17,164,21,18,3,39,11,28,12,4,8,0,0,0,0,0,0,203
2025-11-22,2,កែវចែ1,67,40,27,18,15,3,11,10,1,4,3,1,0,0,0,0,0,0,32
2025-11-23,1,,140,11,129,15,5,10,60,28,32,53,29,24,0,0,0,0,0,0,195
2025-11-23,2,,61,38,23,5,4,1,28,46,-18,29,9,20,0,0,0,0,0,0,26
2025-11-24,1,,88,4,84,54,38,16,28,18,10,27,18,9,0,0,0,0,0,0,119
2025-11-24,2,,54,35,19,38,38,0,18,18,0,18,13,5,500,80,420,0,0,0,24
2025-11-25,1,កែវបងរាជ1,85,43,42,38,33,5,18,2,16,13,6,7,1500,400,1100,0,0,0,70
2025-11-25,2,,43,35,8,33,31,2,2,1,1,6,5,1,400,270,130,0,0,0,12
2025-11-25,2,,43,35,8,33,31,2,2,1,1,6,5,1,400,270,130,0,0,0,12
2025-11-26,1,កែវបងរាជ1បងនុត1,85,27,58,31,27,4,51,42,9,55,47,8,1270,100,1170,0,0,0,79
2025-11-26,2,,27,9,18,27,27,0,42,41,1,47,45,2,600,280,320,0,0,0,21
2025-11-27,2,,108,30,78,27,12,15,41,22,19,45,39,6,1780,200,1580,0,0,0,118
2025-11-27,2,,27,24,3,12,11,1,22,21,1,39,36,3,200,10,190,0,0,0,8
2025-11-28,1,កែវចែ1បងនុត3,120,3,117,11,5,6,71,48,23,36,26,10,2500,250,2250,0,0,0,156
2025-11-28,2,កែវបងនុត1,53,29,24,5,2,3,48,46,2,26,23,3,750,380,370,0,0,0,32
2025-12-01,2,កែវចែ1,47,22,25,49,46,3,27,23,4,42,41,1,600,270,330,0,0,0,33
2025-11-30,1,,226,39,187,52,34,18,46,20,26,23,15,8,0,0,0,0,0,0,239
2025-11-30,1,,199,30,169,27,11,16,69,38,31,60,49,11,0,0,0,0,0,0,227
2025-12-01,1,,88,47,41,57,49,8,35,27,8,48,42,6,0,0,0,0,0,0,63
2025-12-02,1,,122,42,80,46,34,12,73,42,31,41,31,10,2270,200,2070,0,0,0,133
2025-12-02,2,,42,33,9,34,33,1,42,39,3,31,30,1,200,0,200,0,0,0,14
2025-12-02,2,,42,33,9,34,33,1,42,39,3,31,30,1,200,0,200,0,0,0,14
2025-12-03,1,កែវចែ1,133,48,85,33,22,11,39,22,17,30,21,9,2000,350,1650,0,0,0,122
2025-12-03,2,,48,29,19,22,22,0,22,19,3,21,21,0,350,0,350,0,0,0,22
2025-12-04,1,កែវបងនុត១,78,19,59,22,17,5,19,5,14,21,7,14,1500,20,1480,0,0,0,92
2025-12-04,2,កែវបងនុត១,19,9,10,17,17,0,5,2,3,7,5,2,520,20,500,0,0,0,15
2025-12-05,1,កែវចែ1បងឃុន1បងនុត1បងរាជ1,105,37,68,17,14,3,52,33,19,55,35,20,1860,100,1760,0,0,0,110
2025-12-05,2,,37,14,23,17,10,7,33,30,3,35,33,2,600,180,420,0,0,0,35
2025-12-06,1,កែវបងនុត1ចែ1,212,20,192,60,45,15,30,14,16,33,19,14,3670,250,3420,0,0,0,237
2025-12-06,2,,20,1,19,45,45,0,14,11,3,19,18,1,0,0,0,0,0,0,23
2025-12-07,2,សល់កែវ១,49,10,39,23,20,3,41,39,2,12,10,2,0,0,0,0,0,0,46
2025-12-08,1,,109,49,60,20,8,12,39,21,18,60,51,9,0,0,0,0,0,0,99
2025-12-09,2,,18,8,10,51,48,3,7,5,2,34,31,3,0,0,0,0,0,0,18
2025-12-10,1,,105,46,59,48,46,2,55,46,9,31,16,15,1400,250,1150,0,0,0,85
2025-12-11,1,,79,19,60,44,40,4,46,35,11,60,49,11,1500,150,1350,0,0,0,86
2025-12-11,2,,69,50,19,40,33,7,35,28,7,49,45,4,650,200,450,0,0,0,37
2025-12-14,2,,197,53,144,55,37,18,68,47,21,19,12,7,0,0,0,0,0,0,190
2025-12-14,2,,53,26,27,37,30,7,47,48,-1,12,12,0,0,0,0,0,0,0,33
2025-12-15,2,,42,31,11,22,20,2,24,23,1,3,1,2,500,150,350,0,0,0,16
